№,Качество
1," Смелость, не бояться заявлять о себе, принимать рисковые решения. Продвигать нестандартные решения с неоднозначной реакцией на них и не 100% результатом. "
1,"Трусость, консерватизм, приверженность привычным методам, страх брать ответственность за риски. "
2," Широта опыта и кругозора в принципе, и, в частности, в технологиях и цифровых инструментах. "
2,"Отсутствие любознательности, стремление ""потчевать на лаврах"", ригидность. Она может быть вызвана соображениями прагматичности, но порядок можно наводить до бесконечности и не расширяться.  "
3, Умение свой цифровой vision операционализировать (make sense of it)
3,"Люди совсем ""космические"". Человек может иметь очень хорошее видение, но не умеет питчить (engaging and influencing). Не умеет заинтересовывать людей и получать ресурсы. "
4," Умение привлекать, удерживать и вдохновлять ""звезд"" так, чтобы они производили пользу."
4,"self-absorbed, too much personal ego, which doesn't allow other people to shine (страх конкуренции, too formal, not there for them [""starts""] when needed) "
5," Engaging organisation, ability to operationalise and execute the vision"
5,"Not effective operational manager, doesn't deliver "
6, Готовность к риску и неизвестным проектам (подписывать компанию или себя под проекты без гарантированного результата)
6,"Фокус на ту деятельность, которую компания умеет делать. Знает, как "
7," ""Строит космос"" - запускает бизнес-модель, не представляя, как он будет окупаться. Запускает сервис ради пользы и удобства пользователя, узнаваемости бренда. (Customer value). Главное - ценность для клиента."
7,"Готовность вкладывать только в те проекты, у которых видна окупаемость. Каждое действие экономически оправдано. Просчитывает эффективность предполагаемых действий. Главное - бизнес-модель. "
8," Горизонт планирования (commited plan) 6-12 мес. Готовность отказаться от гипотезы, которая провалилась."
8,Горизонт планирования (commited plan) 2-3 года 
9, Big ambition. Неограниченный горизонт мечтания. Создание рынка.
9,"Биться за процентные пункты доли рынка. Работа с ""потолком"", определяемым рынком. "
10," Lead by example - чтобы людям хотелось брать образ этого человека за ролевую модель (харизма, опыт, личная экспертиза, с человеком комфортно работать, честный карьерный путь)"
10,"Lead by authority. Опора на формальный авторитет, ""семейственность"". "
11," Holistic view of the  business. Понимать имплементацию бизнеса от А до Я. Понимает всю цепочку создания ценности. Видит, как реализовать затею (потенциальные риски на разных этапах)"
11,"Узкий специалист в определенной бизнес-функции. Понимает свою сферу, вертикаль, за которую отвечаешь. Думает о функции, а не бизнесе в целом. "
12," Готовность инициировать изменения, готовность сказать ""пересматриваем бизнес-модель"". Открытость, чувствительность к тенденциям в далеких сферах, умение откликнуться на них и имплементировать соответствующие изменения."
12,"Приверженность выбранной бизнес-модели, модели поведения, не готовность гибко менять модель. ""Раньше работало, и сейчас сработает!"" "
13, Микроменеджер
13,"Стратегическое виденье, концептуальное мышление, визионерство "
14," Мотивирующий, поддерживающий, развивающий лидер, ориентированный на людей"
14,"Недоверчивый, жесткий, вспыльчивый "
15," Склонен к сотрудничеству, налаживает отношения и связи"
15,"Закрытый, строит иерархические отношения, возводит стены между подразделениями "
16," Проактивный, драйвовый, нацеленный на результат"
16,"Реактивный, ориентирован на статус-кво, поддержание процесса "
17," Инновационность, креативность, любознательность"
17,"Традиционность, нелюбознательность, закрытость "
18," Традиционалист, придерживается сложившихся способов развития бизнеса"
18,"Открыт к изменениям, экспериментатор "
19," Оппортунистическая, разнообразная карьера со множеством переходов и рисков"
19,"Стабильная карьера, безопасность "
20," Корпоративный, понимающий как работают большие системы, налаживающий корпоративную системность"
20,"Digital native, вырос в предпринимательской, стартап-среде "
21," Аналитический склад ума , системность, рациональность, опирается на цифры и расчеты"
21,"Интуитивность, полагается на жизненный и профессиональный опыт, ""чуйку"" "
22," Ментальный оптимизм, вера в возможность решения любой задачи"
22,"Ментальный пессимизм, установка на нерешаемость задачи "
23," Управленческая зрелость, мыслит сложными и богатыми категориями, умение жить с парадоксами"
23,"Поверхностность, управленческая незрелость, мыслит упрощениями, не учитывает сложность мира и обстоятельств "
24," Быстрая проверка гипотез, быстрая обработка данных и принятие решений"
24,Взвешенное принятие решений с ориентацией на множество разнородных факторов в отсутствие быстрых и легко верифицируемых метрик 
25," Гибкость, умение приспосабливаться под меняющиеся обстоятельства и среду"
25,"Консерватизм, статичность, вера в правильность сложившихся моделей (зачем менять, если всегда работало) "
26," Прекрасно понимают рынок и обладают визионерским мышлением, и видением. Видят рынок продукта и рынок труда в перспективе, понимают как развивать портфель для своего бизнеса.  "
26,"Классическое мышление, что продукт на данный момент хорош, и его не надо улучшать. Те управленцы, которые недостаточно гибки, и не развивают продукт, корпоративную культуру, и своих сотрудников.  "
27, Клиентские решения: Постоянные инновационные продукты и быстрый рол-аут (time to market) 
27,"Отсутствие инновационности, чувствительности рынка к нужным продуктам, либо провал по срокам, либо ненужное, либо очень долго.  "
28," Корп. культура: помогаешь сотрудникам развиваться, правильные процессы изменений (change managment ), абсолютная гибкость как работодателя, работа с цифровым следом для принятия грамотных управленческих решений. Искать розу в навозе. Нанимать людей, которые ""умнее и голоднее тебя"" Команда круче, чем сам лидер, и лидер к этому готов и стремится к этому. "
28,"Негибкий подход к управлению кадрами, жесткий график, нет гибкого поощрения, нет кадрового быстрого роста. Зацикленность на себе как на руководителе, моё решение правильное, последнее слово за мной, авторитарность, боязнь со стороны сотрудников. Сотрудники боятся улучшать и проявлять инициативу.  "
29," Операционные процессы: прекрасно разбирается в деталях бизнеса, как оперирует компания. Четко понимает цепочку ценностей всех процессов. Гибкость, подстраивается под кризисные ситуации, готов менять классические бизнес-модели. Готов рассматривать разные точки зрения. Открыт к реальным аналитическим данным и умеет работать с аналитикой."
29,"Отсутствие гибкости, в кризисной ситуации действует только исходя из своего решения, не рассматривает альтернативные варианты, не готов отходить от классических бизнес-моделей. Последнее слово за руководителем, не прислушивается к аналитике.  "
30," Технологии и IT: открытость к инновационным решениям и новым разработкам, выделение средств на R&D, визионерство (понимание и изучение трендов рынков). Открыты к диалогу, считают, что незнание - это не стыдно. Жажда к обучению. "
30,"Страх от использования инновационных решений. Это сложно, это непонятно. Страх самому себе признаться, что я в чем-то не разбираюсь. Большие топы зачастую боятся показаться некомпетентными. Боятся, что не справятся или что их будут ругать за то, что они сами это не предложили.  "
31," Визабилити. Публичность, использование соцсетей, открыт к самым разным площадкам для обсуждений и обмена мнениями. Сами лично общаются и несут свою идею в общество. Сап Топ в цифровом инновационном поле. "
31,"Закрытость, годовые отчеты инвесторам, участие в классических и типовых узко профессиональных форумах. "
32," Работа с постановкой целей. 360 градусов фидбек, SMART цели и их реализация. Короткий цикл постановки целей, постоянная ревизия и улучшение целей, и готовность их адаптировать и менять. "
32,"Каскадная модель целеполагания. Ежегодное планирование целей, без возможности их поменять.  "
33," Дотошный: в центре внимания - продумывание бизнес-процессов, вдается в детали"
33,"Расхлябанный, не уделяет внимание выстраиванию бизнес-процессов, не продумывает детали "
34," Правильные коммуникации и декодирование информации (четко передает и принимает информацию, хорошо владеет языком)"
34,"Искажение информации, полученной в коммуникации, под свои стереотипы (не может внятно проговаривать и декодировать информацию, дает неправильный инструктаж), плохо владеет языком "
35, Work oriented
35,People oriented 
36, Любит контролировать и быть в курсе всего. Держит в уме весь свой бизнес.
36,"Уделяет внимание тому, что ему интересно. Любит делегировать, ему не нужно быть в курсе всего, для этого есть специальные люди. "
37," Specialist. Узкая специализация: руководит ""одинаковыми"" специалистами. Держит в уме ограниченное количество направлений. Являясь специалистом, расширяет эту экспертизу на близкие направления."
37,"Generalist. Широкая специализация: руководит многими разными непохожими друг на друга функциями, должен в них разбираться. Умение находить общий язык с самыми разными людьми. "
38," Гибкий, подстраивается под изменения, обладает change making ability, готов идти на риск, быстро его оценивая. Работает в турбулентной среде. Быстро внедряет новое, ориентируясь на изменение ситуации."
38,"Имеет стабильный мыслительный процесс, тщательно взвешивает риски. ""Совещается месяца два перед внедрением нового"" "
39," Личностная мотивация связана с соревновательностью, внедрением ноу-хау, uniqness, развитием уникального продукта"
39,"Мотивирован статусом и достижениями, властью, профитом, при этом может предлагать стандартный товар/услугу "
40," Гениальные тимбилдеры, умеют нанимать правильных людей, умеют делать из ярких людей гармоничные команды, дают свободу людям в принятии решений, использовании инструментов достижения цели. "
40,"Авторитарность, не умеет притягивать к себе и удерживать талантливых людей, микроменеджмент, отсутствие доверия команде.  "
41," Знает цифровые технологии, умеет кодить, разбирается в коде, может оценить качество архитектуры системы, качество кода. Обладает глубокой экспертизой и умеет оценить качество продукта и правильность движения компании. "
41,Не имеет профильный skill set.  
42," Строит Data-driven company, важна аналитика, важна архитектура данных, принятие решений на базе этих данных. "
42,"Не видит ценности цифровых технологий, не делает упор на данные, делает упор на другие аспекты бизнеса "
43," Энергия, количество сил и времени, которое уделяют своему бизнесу и развитию, настойчивость, несгибаемость в сложных обстоятельствах. Вкладывает в свой бизнес всего себя."
43,"Равнодушие, бизнес не представляет для него главную жизненную и профессиональную цель.  "
44," Знание предметной области, продукта, рынка, понимание своей ниши. "
44,"Обладание знаниями в несвязанных индустриях, другой бэкграунд.  "
45," Способность видеть зарождающиеся тренды, новые возможности. Либо сверх аналитические способности и работа с большим количеством информации, либо ""чуйка"", которая не поддается объяснению. "
45,"Неспособность увидеть рыночные возможности, принятие ошибочных управленческих решений.  "
46," Sales skills: story telling, способность вселять свое видение в других людей, клиентов и команду"
46,"Примитивность в рассуждениях, очень приземленное понимание роли продукта в жизни клиентов, механическое понимание "
47," Понимание того, что продукт должен обновляться, готовность идти на эксперименты, несмотря на риск, поиск новых ниш"
47,Не готов на себя брать риск по продуктовым экспериментам и изменениям. Консервативен. 
48, Клиентоцентричность. Продукты выстраиваются от потребности клиента. Гибкая среда с точки зрения клиентских инсайтов
48,"Бизнесцентричность. Думает исключительно о том, как заработать больше денег, из-за этого продукты начинают чахнуть "
49," Адаптивность к постоянно меняющимся контекстам, каналам коммуникации, потребностям людей"
49,"Ригидность, невозможность менять свое ценностное предложение под меняющийся контекст "
50," Цифровая грамотность. Знание, умение и быстрое усвоение любых новых появляющихся систем, чтобы лидер сам мог ими быстро пользоваться. Желательно на уровень дальше, чем пользователь, продвинутый пользователь, с пониманием как та или иная технология работает в общем стеке цифровой среды."
50,"Цифровая безграмотность. Человек не интересуется, не желает интересоваться новыми сервисами, веяниями, концепциями, подходами. "
51," 4 к: креативное мышление, критическое мышление,  коммуникация, коллаборация "
51,"Отсутствие мягких компетенций, непризнание этих компетенций как важных и значимых для развития.  "
52, Стратегическое VUCA-мышление с вариантами развития сценариев в зависимости от сложного и постоянного мира. Умеет конструировать принципы поведения в меняющихся контекстах. 
52,"Классический стратег, ригидная стратегия, формируемся в скрижалях, не адаптированная  "
53," Самообразование. Постоянно чему-то учатся, не останавливаются на достигнутом. Внутренний позыв, голод на новые знания, не поручаю кому-то, а искренне сам учусь. "
53,"Потчевать на лаврах. Удовлетворен тем, что знает к определенному своему опыту. "
54," Умение операционализировать. Нужно не только придумать, но еще и воплотить. От красивой идеи не так легко перейти к планированию и реализации. Если человек умеет это делать, он будет успешен. В противном случае ему на TED"
54,Неумение строить конкретные планы и их реализовывать. Оставаться на уровне идеи. 
55," Лидерство. Способность создать команду и увлечь ее за собой, воодушевить, создать атмосферу, когда: а) тебе верят, б) относятся к делу как к своему, горят "
55,"Авторитарный стиль руководства. Я начальник, ты дурак, ты начальник, я дурак. Не тратятся силы и энергия на то, чтобы донести идею и вдохновить на ее воплощение.  "
56," Умение слушать и слышать в диалоге со стейкхолдерами. Нужно находить компромиссы, уметь понимать другую сторону, работать не через давление, а через сотрудничество. Договаривается. Выходить на win-win ситуации. "
56,"Идти напролом. Навязывать свою точку зрения. Не прислушиваться, не проявлять эмпатию. Не считает нужным учитывать другие мнения.  "
57," Цифровой онлайн рынок. Не опирается на связи, а опирается на создание удобных сервисов и их монетизации. Бизнес развивается, так как его покупают, а покупают его, так как удобно. "
57,"Превалирует решение вопросов оффлайн через связи. Лобби, зайти в кабинет к кому-то и решить тет-а-тет вопрос. Без личного знакомства нельзя решить вопрос. Развитие бизнеса держится на связях. Ушел человек со связями, просел бизнес.  "
58," Драйв от изменений. Человек жаждет изменений, получает кайф от них. "
58,"Страх изменений. Все, что меняется, вызывает панику и страх. Сопротивляются трансформациям из-за своих внутренних качеств. Не хотят выходить из зоны комфорта.  "
59," Умение видеть масштаб, мыслить масштабно, взвешивая риски и возможности безграничных платформ и систем (и государственные границы и масштабирование того, что создается). Цифровой дубликат не стоит ничего, отсюда риски и возможности. Как изменить стандарты индустрии. Sky is your limit"
59,"Живут в заданных рамках. Люди, которые мыслят границами своего подразделения/отдела/департамента/компании/индустрии. Реагируют на проблему, не действуют проактивно.  "
60," Умеют сказать сложное простым языком. Используют чувство юмора как инструмент доверительных коммуникаций. Способность быстро сопоставлять, делать краткие и емкие замечания. Быстро из контекста происходящего выдернуть суть, и обернуть в фантик. Остроумие в коммуникациях."
60,"Говорят скучно, бюрократическим языком, научным языком, не умеют удерживать внимание, и снижать напряжение. При общении с ними не возникает чувства доверия.  "
61," Прозрачная приоритезация (что попадет в следующий релиз). Все завязано на текущий ресурс разработки. Важно фокусироваться правильно. Важно в цифре особенно, так как сервисы завязаны друг на друга. Нужно правильно понимать, куда направлять ресурсы. Нужно балансировать между мотивацией сотрудников/бизнеса/стейкхолдеров. "
61,"Хвататься за все. Не получится сделать все сразу. Если пытаться все сразу сделать, то не получится ничего. Не понятно, за что браться в первую очередь, хаос и отсутствие качественных результатов.  "
62," Умение работать с IT-стартапами как генераторами новых идей, инкубаторами, стартап-скаутинг, talant-скаутинг. Умение работать именно с такими командами, умение вдохновлять и коучить ребят, которые организуют стартапы, а иногда и подстегивать.  Multigenerationl подход, умение выглядеть релевантным для молодых поколений, адекватный для этого поколения performance managment. "
62,"Авторитарность, директивность, формализм, административность, инновационным хабом невозможно управлять директивно, стартапы будут убегать, или не будут замотивированы.  "
63," Продуктовое визионерство: не только что будет, но и что НЕ будет востребовано. Понимание необходимости строить стратегию не на cash cow (при всем уважении к ним). Чувствительность к рискам и возможностям."
63,Традиционализм в области организации работы 
64," Заточен на сотрудничество в компании, достижение своих результатов нетоксичными способами. Важно как добиваться цели. Этичность"
64,"Идет напролом, важен результат любой ценой. Этика на втором плане "
65," Развитие продукта через customer journey (от того, что нужно клиенту)"
65,"Развитие продукта исходя из того,  что уже есть в Компании. Умеем это делать и будем развивать. "
66," Опыт участия в проектах построения информационных систем, который приводит к глубокому пониманию принципов построения таких систем."
66,Отсутствие понимания базовых принципов построения информационных систем 
67," Высокая скорость мышления, погружение в новые области, умение нырять в любую предметную область и там уже быстро соображать. "
67,"Неспособность изучать что-то новое, неспособность воспринимать новую информацию.  "
68," Эмпатия, умение понимать эмоции людей и уважать их, человеколюбие, без этого трудно извлекать максимальный творческий потенциал из людей. "
68,"Считают, что все люди плохие и лентяи, по умолчанию не любят людей, не волнуют чувства и мысли сотрудников, интересуют человекочасы. Относятся к айтишникам как к строителям или землекопам, что в этой сфере это не очень работает.  "
69, Адаптивность к окружающей среде. 
69,"Ограниченность своим предыдущим опытом, косность.  "
70," Умение находить неординарные решения, и управленческие, и технические. Способность находить решения, которые до тебя никто не находил."
70,Шаблонное мышление. Неспособность генерировать уникальные решения.  
71," Способность управлять глубиной своего стратегического мышления. Умеет как мечтать, так и оперировать среднесрочными перспективами. Оперирует образом будущего, которого еще не существует. "
71,"Мыслит категориями и задачами сегодняшнего дня. Максимально ограничен, не думает вперед. Максимум шкалы планирования ограничен коротким промежутком времени. "
72," Умение оперировать цифрами, мыслить статистическими и вероятностными категориями. Способность оцифровывать события и объекты реального мира и на основе этого принимать решения. "
72,"Мыслить только категорией чувств, эмоций, ощущений, вдохновений. Не способен или не привык перекладывать реальность на цифру в процессе мышления, и использовать это в принятии решений.  "
73," Интеллект. Быстрый ум, умение обрабатывать большой объем информации и выхватывать суть. Четко формулировать проблему. Умение делать правильные выводы. Гибкость. Умение перестраиваться и понимать свою неправоту. Curiosity, кругозор в профессиональной среде. Learning agility. Незашоренность."
73,Экспертиза вглубь. Меньшая скорость и гибкость интеллекта. Накопленная экспертиза. 
74," Умение ""продать"" идею, завести народ вокруг. Умение вовлечь. Готовность трансформировать идею на основе фидбека."
74,"Опора на административные инструменты, а не на то, чтобы убедить, сопровождающееся полной уверенностью в своей правоте. Важно донести видение. "
75, Гибкость и скорость мышления и действий. Готовность быстро воплощать решения.
75,"Согласование с политикой, концепцией. Длительная оценка качества решений перед воплощением. "
76, Чуваки из интернета. Digital native.
76,Finance native. 
77," Про продукт. Важно что-то создать для людей, которое поменяет жизнь этих людей."
77,Про личные амбиции и любовь к компании. Важен бизнес-успех. 
78," Серый кардинал, политик."
78,Амбиция и харизма. 
79," С фокусом на человека (сотрудника). Ориентация на удержание и развитие сотрудников, но то, чтобы сотрудники вовлекались."
79,"Жесткий. Эмоции людей вторичны. Не стесняются увольнять, менять оргструктуру. "
80," Инициирует большое количество коммуникаций. Чем больше у человека нетворкинг в своей профессиональной сфере, тем больше возможностей для него это генерирует"
80,"Ведет закрытый образ жизни, затворник, в своей скорлупе, бронзовеет, не происходит трансформации мышления, соответственно не растет внутренне, сложно создавать актуальные продукты "
81," Лучше умеет управлять рисками. Чаще берется за рискованные мероприятия. Оценивает риски и возможности, и готов пробовать, искать новые возможности. "
81,"Между рисками и возможностями, пытается максимально себя обезопасить. Предпочитают оставить все как есть, пусть работает, как работает. Лучше будет терпеть неудобства, чем пробовать что-то новое. Залезть в домик, обезопасить себя. "
82," Высокий уровень зрелости. Широта кругозора в целом, широта взглядов. Разбирается не только в своей предметной области, но и в сопутствующих областях. Количество собственного пережитого опыта, разнообразие нетиповых проблем, с которыми сталкиваются."
82,"Низкий уровень зрелости. Разбирается пусть даже и хорошо, но в своей предметной области, о других областях знает только в теории. Однообразный жизненный опыт, в одном замкнутом контексте, например на одной позиции, в одном городе, в одной отрасли, в одной функциональной сфере.  "
83," Знание методологий. Есть типовые фреймворки, например проектные или продуктовые. Знание базовых управленческих принципов в основе этих фреймворков позволяет запускать любые продукты и проекты. Если я обучился им и попробовал, то я смогу масштабировать эти знания на любые продукты/проекты."
83,"Незнание методологий. Если принципиально не знает, как устроена проектная или продуктовая деятельность, сложно управлять процессами создания или созидания чего-либо. Без базового понимания принципов построения проектов, любе ресурсы будут тратиться неэффективно.  "
84," Готовность к изменениям. Внешняя среда всегда изменяется, нет такого успешного бизнеса, который бы не подстраивался под внешние изменения. Должен оценивать внешние изменения и подстраивать свой бизнес под них"
84,"Неготовность к изменениям. Закукливаются под влиянием внешних изменений, и не вносят изменения в свой бизнес под внешним влиянием. "
85," Создает команду, умеет делегировать. Умеет мотивировать людей и делать из них команды для решения конкретной задачи. Понимают, какого человека, куда поставить, чтобы это было эффективно и для человека и для решения задачи. Здесь как раз помогает широкий нетворкинг"
85,"Неумение создавать команды и делегировать. Решение любого уровня задач  (стратегического, операционного и пр) решается только единолично. Микроменеджмент. Ставит неправильных людей на неправильную позицию, не мэтчит задачу и скиллы человека. "
86, Умеют выстраивать взаимоотношения с людьми и разбираются в политике принятия решений
86,"Не умеют договариваться с людьми и не понимают, с кем нужно дружить, а с кем нужно конкурировать. "
87," Принятие решений на уровне цифр и фактов. Изучаются факты, цифры и логики перед принятием решений. Постоянный учет новых обстоятельств даже в типовых процессах."
87,"Решения на уровне регламентов, выработанных годами. Опора на готовые процессы и решения. ""Так исторически сложилось"" "
88," Готовность к изменениям. Поиск новых возможностей для улучшений, поиск возможностей, рассмотрение нескольких сценариев развития. Вариативность, в том числе по отношению к образу результата."
88,"Довольствуется достигнутым, нет тяги к новым достижениям. Стремление к четкому результату. (10000 банок в сутки) "
89," Амбициозность, стремление к результатам, которые, возможно, превышают текущие возможности. Постоянный поиск возможностей, ресурсов и инструментов для решений."
89,Довольствуется текущими достигнутыми результатами. Новые инструменты и возможности начинает рассматривать только если уже перестали работать старые. 
90," Четкая и широкая картина будущего на 2-5 лет вперед, построенная на фактах. Смотрит на картину всего мира и свое место в ней.  Визионер. Есть связь между картиной будущего и планом ее достижения."
90,"Четкая, но узкая картина будущего, не захватывает сферы вокруг. Смотрит на конкретный рынок. "
91," Не считают команду инструментом. Считают, что команду нужно растить, развивать, мотивировать, что эмоциональное состояние команды важно. Индивидуальный подход к членам команды. Опираются на команду как на основной ресурс."
91,"Команда как инструмент. Отсутствие индивидуализации, четкие регламенты, которые не учитывают личностные особенности членов команд. (Все должны писать правой рукой) "
92," Верит в цифровые инструменты. Понимает ценность классических инструментов и видит, как цифровые и классические инструменты могут дополнять друг друга. Умеет оцифровать эффективность классических инструментов."
92,"Желание работать только с классическими инструментами. Рассматривает диджитал инструменты как факультативный инструмент, не видит в них ценности. "
93," Доверие и открытость к команде: доверяют больше информации, больше рассказывают команде. Отсутствие микроменеджмента. Делегирование задач."
93,"Микроменеджмент. Не дают ""лишней"" информации команде. Отсутствие погружения команды в более высокоуровневую задачу. "
94," Человечность, общается со всеми на одном уровне. Не делает ранжирования по уровню компетенций и статуса. Стремится принимать командные решения."
94,"Особое внимание к статусу. Подход ""Я начальник, ты - дурак/ты начальник, я - дурак"". Директивное принятие решений. "
95," Подбирает в команду таких людей, которые компенсируют слабые черты самого топа."
95,"Подбирает команды, стремясь закрыть текущие задачи, дыры, ""горящие"" вещи. "
96," Гибкость, адаптируемость под текущие условия рынка. Готовность принимать нестандартные решения."
96,Ценность - показать свою компетентность через уже отработанные инструменты. 
97, Четкость и организованность. 
97,"Отсутствие процессов, дезорганизованность, неструктирированность.  "
98," Эффективная работа с данными. Умение отличать зерна от плевел. Понимает на какие данные реально можно основываться, а какие для вида. Данные надежные, собранные из достоверных источников, могут служить основой для принятия решения. "
98,"Неэффективная работа с данными. Поверхностный подход к работе с данными, небрежность в отношении надежности информации. Не умеет распознать некачественные данные при выработке управленческих решений. "
99," Цифровая грамотность. Знание современных (цифровых) методов, технологий и процессов применяемых в бизнесе. "
99,"Отрицание эффективности цифровых процессов в пользу классических методов, иногда устаревших. Отсутствие цифровой грамотности.  "
100," Умение принимать своевременные решения. Управленческая смелость, берет на себя ответственность за принятые решения. Ownership. "
100,"Управленческая нерешительность. Сложность в принятии решения, затягивание решения, возврат к предыдущим версиям.  "
101," Визионерство. Смотрит в будущее, мыслит категориями будущего. Forward-looking and future-oriented. Планирование желаемого результата. ""Мы хотим сделать 200, и мы думаем, что нам нужно для того, чтобы сделать 200"". Прорывные действия."
101,"Консерватизм. Основывается на предыдущих результатах. Планирование от достигнутого. ""Мы в прошлом году сделали 100, в следующем, значит, будем делать 105"". Небольшие шаги. "
102," Сильный лидер, собирающий команду сильных партнеров, а не подчиненных.  Дает свободу команде, но строго спрашивает с них и себя."
102,"Собирает команду людей, которые от него зависят (""смотрят им в рот"", не требовательны к результату и себе. Четкая иерархия подчинённости.  "
103, Развитие подчиненных и саморазвитие как ценность. Культура непрерывных улучшений. Развитие - приоритет.
103,"Консервативная основа на существующих знаниях, небрежность в освоении нового. Все равно, будут ли подчиненные развиваться или нет. Иногда даже препятствие развитию подчиненных в угоду текущим задачам.  "
104," Сильный продакт-оунер, понимает цикл создания и развития продукта, его технические характеристики в связи с потребительской ценностью"
104,"Думает о технической стороне вопроса, а не о потребителе (думает о том, сколько усилий уйдет на починку того, что сломается) "
105," Умеет слушать аргументацию в пользу изменения решения о продукте, открыт к альтернативным точкам зрения"
105,"Имеет свое строгое виденье того, как должно быть (я художник, я так вижу) "
106," Идеалист, перфекционист, отличник, ""ботан"". Внимателен к деталям. Много учился и хотел быть в этом идеален. Фокус на красоту."
106,"Не важны детали, важно, чтобы быстро и недорого. Закрывают глаза на качество не основных элементов интерфейса. Нет скрупулезного причесывания мелочей. "
107," Могут просто, доходчиво объяснять сложные технические вещи не профессионалу. Быстро строят понятные модели сложной реальности, ориентируясь на собеседника"
107,Уход в технические подробности при объяснении (несмотря на стеклянный взгляд собеседника). Не умеет и не стремится структурировать информацию для другого. 
108," Человек смог успешно освоить две области знаний, поженить маркетинг, road to customer и IT-бэкграунд, цифровой опыт"
108,Проваливается client orientation или tech skills 
109," Ценность личной экспертизы и включенности. Не только управленец, но и хороший профессионал-специалист. Сидит с командой и разбирается в причинах, по которым дело не идет. Неклассический менеджер, а старший среди равных."
109,"Может не быть экспертом, не вовлеченным в специфику продукта, ставить формальные задачи команде. Управляет по PDCA. "
110," Умение работать с неопределенностью, неполными данными, нечетко заданными ориентирами, стратегией и т.п. Готовы рисковать и принимать решение, исходя из неполных данных. Готовы к провалам."
110,"Бездействуют в ситуации отсутствия вводных. Низкая толерантность к неопределенности. Дискомфортно работать, пока нет всех вводных. Долго принимает решение, пытаясь учесть полный набор данных. Не готовы к провалу. "
111," Толерантность к критике. Готов ошибаться, и его это не убивает."
111,Ошибка равносильна смерти. 
112," Высокий интеллект: широкий кругозор, способность обобщать и делать исследовательскую работу, просчитывают разные стратегии. За каждым решением стоит сложная система вычислений. Работа ""в конструкторском бюро"", работа с концепцией."
112,"Оперативно решают в срок рутинные задачи. Хорошо координируют и договариваются. Могут быстро принимать ситуативные решения. Работа ""начальника цеха"" с опорой на готовые знания. "
113," Хваткие коммуникативно, сильны в личной беседе, знают тонкости корпоративной политики, похожи на российских государственных чиновников. "
113,"Прямой,  ничего не понимает в корпоративной политике. Командный, состоит в искренних и доверительных взаимоотношениях с командой, отсутствуют подковерные игры.  "
114," Сильная команда замов, много инициативы. Доверительные отношения, контроль по KPI, а не по процессам. Контроль того, что важно, а не того, как сделано. Спокойно относится к тому, что подчиненные превосходят по компетенциям, старается подбирать именно таких людей. "
114,"Все на личном контроле, не умеет делегировать. Когда кто-то проявляет серьезную инициативу, которая не соответствует ожиданиям топа, будет скандал. Наказывающая корпоративная культура. Все друг друга перепроверяют все время, пытаются делать все по правилам. Авторитарность управления. Неуверенно чувствует себя с людьми, которые превосходят по компетенциям, так как не может перепроверить результат, и боится, что подсидят.  "
115," Успешен за счет хорошей школы жизни и предпринимательского склада ума. Сделал себя сам за счёт своей гибкости, оперативности, многозадачности, изобретательности. "
115,"Успешен за счет образования и корпоративной подготовки, тренинги, коучинги и пр. Есть понимание того, как работает большая корпорация, когда это публичная компания и есть западные владельцы. Здоровая корпоративность, не та, которая утяжеляет бизнес, а та, которая накладывает свои условия. Наличие MBA.  "
116," Стартап-мышление, важно понимать, что такое MVP, custdev, market fit, pivot (постоянная боевая трансформация продукта), agile, backlog и пр. Специфичная разработка продукта и специфичное управление разработкой. "
116,Отсутствие навыков управления продуктовой разработкой 
117," Продажа за счет связей, большая записная книжка, ""сходить в баню"", все на сильных личных связях. Публичность в социальных сетях, умение торговать лицом. Может начать разговор с того: ""что ты можешь у меня купить"", ""чем можешь быть полезен"". Дельцы в хорошем и плохом смысле"
117,"Продажа за счет качества продукта. Больше внимания уделяет продукту, качеству, эффективности, порядку.  "
118," Системность и последовательность. Способность ясно и структурированно выражать свои мысли, цели, задачи. "
118,Истеричность в принятии решений и непоследовательность в их реализации. 
119," Адекватность. Здравая и прагматичная оценка ситуации, совершает действия сообразно внешним условиям. Создание сценариев и выбор сценария, возможность своих действий. "
119,"Неадекватная оценка времени и ситуации, действия исходя из собственных соображений, без учета внешних обстоятельств, неправильная оценка последствий. Непредсказуемость, неуверенность, поведение, не соответствующее текущему моменту времени. Агрессивное невежество. "
120," Энергия созидания, способность вдохновлять, заряжать. "
120,"Унылая какашка. Всегда все плохо, всегда нытье. Негативное настроение.  "
121," Длинный горизонт планирования. Игра в долгую, думать на перспективу. "
121,"Короткий горизонт планирования. Решения сиюминутные, выгода в моменте, рвачество.  "
122," Эмпатия. Умение располагать, стремление достигнуть ситуации win-win, договороспособность. "
122,"Пренебрежительность, уничижительность, ультимативность, ""я всегда прав"", не задумывается о том, как он будет воспринят.  "
123," Способность принимать сложные решения (долгосрочные, высокорисковые, затрагивающие интересы людей; ответственные), проактивность в принятии решений. "
123,"Поиск легкого пути, избегание принятия решения, надежда, что все само собой разрешится (""Авось пронесет"",  ""Я в домике""), не рисковать, перекладывать сложные вопросы на других.  "
124," Лидерство. Способность вдохновлять и заряжать, мобилизовывать "
124,Директивность 
125," Позиция ""вместе"". Локомотив, который тащит. Не говорит, что знает ""как"", нам бы тут приехать, давайте вместе думать, как там оказаться"
125,"Позиция ""сверху"". ""Иди делай, сам разберись, тебя же для этого и нанимали"" "
126," Видение будущего мира как цифрового. Понимание, как это привнести в ту или иную индустрию, что это улучшит. Цифровизация - неизбежность."
126,"Не видит, как цифровые технологии могут улучшить бизнес, видит риски, что может поломаться уже работающая система, но не видит явных преимуществ. Полны рисков, сомнений и непонимания. Боятся изменить то, что и так уже хорошо работает. "
127," Лидер, который постоянно обучается. Цифровизация – это непрерывное обучение. Способность обучаться. Должно быть понимание, что тебе всегда не хватает знаний. "
127,"Лидер, который все знает, знает как устроен мир. Достаточность фундаментального образования.  "
128," Вера в электричество. Не боятся и верят, что электричество будет всегда. Мир цифровой. "
128,"Организаторы аналоговых процессов. Уверены, что выживут и без электричества. Ценность выстраивания процессов так,  чтобы они выживали без электричества.  "
129," Расторможенность. Готовы с головой бездумно бросаться на инновации, делать, бежать, зарабатывать, долго не думают перед тем как действовать. Оппортунисты, используют возможности. Левая часть кривой Роджерса."
129,"Заторможенность. Долго думают, сомневаются, критично оценивают себя и идеи, настороженно относятся к инновациям, видят риски. Правая кривой Роджерса.  "
130," Есть свое уникальное видение и есть смелость воплощать это видение в жизнь, несмотря на мнение общественности."
130,"Оглядка на рынок, что подумают и скажут люди, так не принято.  "
131," Установка: ""цифровой мир безопасен. А там где не безопасен, я знаю как обезопасить."""
131,"Установка: ""цифровой мир не безопасен, поэтому я в него не пойду."" "
132," Все равно как общаться, готовы общаться как угодно (онлайн или оффлайн) в любых условиях, самолете, баре и пр."
132,"Есть потребность в физическом общении, личном контакте. Общение только в очном формате, классические бизнес-встречи, общение тет-а-тет.  "
133, Agile: попробовали-проанализировали. Динамическое построение бизнеса. Готовы гибко подстраивается под рынок и его меняющиеся потребности. 
133,"Полное отсутствие agile подхода в классическом бизнесе. Консервативный подход к построению бизнес-процессов. Не умеют гибко перестраиваться, не принимают инновации, делают по-старому.  "
134," Любознательность. Стремление к познанию нового. Болезненная и непрекращающаяся тяга к новым знаниям. Каждый раз это область знания, которую ты до этого не изучал никогда. Постоянное расширение познания из самых разных сфер. Новые увлечения, новые рынки, новые знания, новые гипотезы. "
134,"Изучают только то, что непосредственно связано с текущим бизнесом. Идут в новые области знаний, только если экспертное профессиональное сообщество рекомендует идти в конкретную область, когда нет выбора.  "
135," Воображение. Визуализация процессов, так как цифра материализует виртуальный мир. Фаундер, чтобы построить бизнес он визуализирует весь процесс от создания бэкенда и фронтенда до логистики, он умеет увидеть целую картину, а потом раздать сотрудникам части этого для исполнения. Видят онлайн и оффлайн как единое пространство. "
135,"Видят меньшую часть бизнеса, не могут вообразить себе нематериальную часть, визуализировать ее. Смотрят на IT-составляющую как отдельный сегмент бизнеса, ""прицеп"". Видят оффлайн и онлайн как два пространства, как-то взаимодействующие друг с другом.  "
136," Более четкий подход. При построении бизнеса в виртуальном пространстве, нужно четко, понятно, доступно поставить задачу. Формулировка задач в письменном виде, всегда можно уточнить формулировку, и рамки постановки задач, что делает постановку задач более правильно и конкретной. Письменный follow-up по любой договорённости. "
136,"Классический бизнес постановка задач сводится к устным разговорам. Чёткость в устной постановке задачи верна на 60%. С вероятностью на 60% она будет выполнена так, как задумывал руководитель.  "
137," Созидание. Стремятся сделать счастливыми большое количество людей через удовлетворение их запросов и потребностей. Воодушевление и вера в свой продукт, зарабатывание денег не самоцель.  "
137,Зарабатывание денег. Зацикливается на PNL 
138," Отношение к кризису – ""время возможностей"""
138,"Отношение к кризису – ""все плохо, все пропало"" "
139," Способность анализировать большое количество информации: куда двигается цифра (сфера расползается очень широко). Постоянная обучаемость, открытость новому. (Чтобы не создавать за свои деньги либо уже существующее, либо мертворожденное)"
139,"Гиперсистемность. Процедура важнее результата. Интерес к тому, что уже есть в существующем бизнесе. Глубокое знание существующих механизмов работы системы в компании. Ориентация на ключевые показатели, расставленные в процессе. "
140," Инженерная, технологическая грамотность. Умение формулировать ТЗ. Четко понимать, чем
одна технология отличается от другой. Какие основы лежат за той или иной
технологией."
140,"Полная лояльность, клановость, семейность. Ориентация на эмоции, отношения, доверие. Для того чтобы разбираться в технологиях нанимаются специальные ""люди в очках"". "
141,Проверка гипотез. Это стоит денег и требует времени. Готовность к отрицательному результату. Активная генерация самых разных гипотез.
141,"Подстраивать гипотезу под желаемое. Выбирать гипотезу, которая сулит карьерный рост. Хайпануть на гипотезе. Популизм при формулировании гипотез и нежелание проверять ""неприятные"" (с этой гипотезой к начальнику даже не подходи)."
142,Целеполагание под существующую нишу и потенциально доращиваемую до эффективного решения технологию. Открытая рамка с четко заданным видением продукта.
142,Целеполагание по итогам анализа рынка прошлого периода с утверждением четкого коридора целевых значений.
143," Хирш, соцсети, публичные технологизированные рейтинги, конференции, прямая "
143,"Деньги любят тишину. В сети раскручивается бренд, а не конкретный человек, личность. СМИ-стратегии пиара. Инфоповоды. "
144," Деликатность, забота об интересах конечного пользователя на фоне понимания необходимости подстраиваться под интересы регуляторов. Репутация, уверенность потребителя в том, что система работает в их интересах, а не использует пользователей для своих целей. (При этом сбор данных гуглом ок, т.к. данные деперсонализированы, и это часть бизнеса). Решать задачи не в ущерб персональному пользователю. Работа в интересах конечного пользователя, а не государства."
144,"Деньги не пахнут. Все, что в интересах бизнеса, полезно.  Торговля на фоне напряженных отношений. Снабжение солдат Вермахта как яркий пример. Потребитель важен как тот, кто голосует рублем. "
145," Не бояться рисковать. Готовность потратить время, деньги и репутацию на то, во что веришь."
145,"Недопустимость рисков, поскольку они повлекут за собой нарушение стабильного поступательного движения и процесса выработки эффективных стратегий, обрастания связями и т.п. "
146," Формирование большого количества коммуникаций, которые позволяют видеть тренды, новости, обогащаться знаниями."
146,"Интроверсия, закрытость, оберегание себя и бизнеса от незнакомцев. Свои кружки, сокращение коммуникаций до узкого круга с критерием полезности и безопасности. "
147," Безусловные авторитеты, пионеры в проектах, за которые берутся. Если такой человек анонсирует проект, все понимают, что это будет что-то новое, революционное, заслуживающее внимания."
147,"Ассоциируется с классическим продуктом. Но в его рамках могут возникать новые характеристики, которые выводят продукт в новую нишу, формируют новое качество потребления. Интерпретация и новая глубина. "
148," Технологии как смысл жизни. Погруженность в цифровой рынок, отслеживание технологических трендов во всех проявлениях (гаджеты, языки, законодательство, влияние технологий на мир). Не имеет значения, нравится ли гаджет, но он новый и значит нужен."
148,"Технологии как инструмент. Изучение прикладных инструментов решения задач с помощью технологий. Внимание к практичным решениям, нет одержимости технологиями. "
149,  Тотальное уважение к людям. Работаешь с людьми как с равными себе. Умеют слушать и слушаться сотрудников любого уровня. Ставишь задачу непосредственно исполнителю.
149,"Жесткая субординация. Не принимает информации от сотрудника, который ниже тебя хотя бы на 2 ступеньки. Ты можешь поставить задачу только руководителю ниже себя. Требуются согласования от компетентных подразделений. "
150," Результат важнее инструкции/процесса. Умение строить процессы так,, чтобы выдавать результат с наименьшим количеством касаний и наибольшей автоматизацией. Чем прямее, тем лучше. Если нужна ручка, иди напрямую к кладовщику. У исполнителей д.б. возможность принимать решения в рамках полномочий."
150,"Выстраивание процессов на основе согласований. На каждой точке процесса есть исполнитель и тот, кто подтверждает обоснованность требуемого действия. "
151," Доверие команде, людям. Уметь тотально доверять. Ты не можешь проверить код за разработчиками) Нет шансов выстроить контрольные точки.Исполнитель несет ответственность и по умолчанию за ним не смотрит еще один чел."
151,"Выстроенные точки управленческого контроля. Регламентное управление. Исполнитель делает работу, руководитель проверяет и его еще раз проверяют. "
152," Свобода личности, демократические инструменты управления. Давать возможность людям быть самими собой. Свобода слова, вероисповедания, гендера. Умение выстраивать такую среду. Прав умный."
152,"Царизм, авторитарный стиль управления (и подчинения). Как я сказал, так и правильно. Власть сильного, а не умного.  Как начальник скажет, так и будет. Ты - начальник, я дурак. "
153," Я и ты уникальны, и это круто. Запаренность на корпоративной культуре и наличии смыслов, размышлений, рефлексии ценностей, развивающейся снизу идеологии. Социальный смысл бизнеса. Инклюзивность, дайверсити. Собирать очень разных людей и объединять, играть на разности потенциалов. Свобода поведения человека. Не мы нанимаем, а нас выбрали у нас поработать."
153,"Единые стандарты поведения, мышления, проявлений. Унификация сознания. Я такой же, как и ты, ты такой же, как и я. Ориентация на простые ответы про людей. Прогноз поведения сотрудников. "
154," Скорость принятия и реализации решений в условиях неопределенности.  Навыки делегирования.Определенности никогда не было и до пандемии. Быстро приняли решение, а потом его обеспечиваем инфраструктурой. Решения принимаются не навсегда. Итерационность. Если что откатимся назад. Внимание к обратной связи от людей."
154,"Долгое взвешивание и согласование решений. Решения принимаются ""навсегда"", ""полностью продуманное"". Попытка продумать за людей. Нет готовности отменить решение. Очень сложно откатить назад. "
155," Умение ""продавать"" идеи, задачи, миссию. Работа с возражениями, отработка аргументов,... рассмотрение собственных сотрудников как клиентов.Формулировка должна рождать поле для дискуссии, разные отклики и интерпретации. Важно провоцировать дискуссии как источник обратной связи."
155,"Умение приказывать. Навык быть директивным. Четкие формулировки. Ответственность за сказанное. Внимательность к формулировкам, чтобы не было двусмысленности. Важно не спровоцировать дискуссии, т.к. это может быть в буквальном смысле опасно. "
156," Тотальная вера в идею, которую реализуешь. То, что ты делаешь - на уровне религии. Поэтому просто объяснять и поэтому за тобой идут люди. Не все равно, чем управлять."
156,"Вера в инструменты (управления, бизнеса). Мне все равно, чем управлять. Вера то, что управленческий инструментарий одинаков в любой сфере. "
157," Нарушение/развитие канонов. Изобретение велосипедов/космических ракет (экономических моделей, клиентского сервиса и т.п.). Создание нового, стремление минимизировать шаблоны. Мы не такие как все. Все используют, значит нам не надо."
157,"Стереотипное, шаблонное мышление. Шаблонов может быть много, но они шаблоны. Нетерпимость к дилетантству и экспериментам. Каноническое мышление. Если все так делают, то и мне надо. "
158," Упрощение любых моделей процессов до максимально применимых. Упрощение оценки, принятия бюджета и т.п. до минимально необходимой для принятия решений. Постоянная оптимизация. Сравнимо с компактными моделями бизнес-школ. Главное - чтобы было понятно. Простая модель может работать сама, но всегда подразумевает коммуникацию."
158,"Чем более витиеватая модель, чем больше в ней подтверждающих вывод переменных, тем лучше. Громоздкость, нужны несколько доказательств одного и того же. Много и непонятно. Хочется получить ответы на все вопросы без коммуникации и на основе готовой сложной модели. "
159," Умение видеть картинку вне цифрового мира. Кругозор. Умение дезинтегрировать целостную картинку на конечный набор факторов и построить из них что-то новое, что будет адекватно внешнему миру."
159,"Размытая картина мира, где нет деталей, но есть особая чувствительность. (Мир близорукого человека без очков: вижу, что что-то происходит, но не очень понятно, что именно) "
160," Какая-то часть жизни связана с интересом к цифровым инструментам, прикольно что-то цифровое протестировать на себе"
160,Нет интереса к цифровым инструментам 
161," Конкретность, ""бесконечное количество раз задавать вопрос ""чтобы что?"". Конкретная коммуникация, конкретное целеполагание. Умеют договориться о конкретном результате. Умение операционализировать показатели, выражать их в цифрах."
161,Умеет нарисовать большую картинку абстрактными методами. Широкие критерии. 
162," Эволюционировать вместе с продуктом и наращивать новые C-ролей. Понимание того, что является продуктом. Понимание того, для чего ты работаешь. Эволюция продукта с расширением карты стейкхолдеров. Смотреть на один шаг дальше, видеть больший контекст и использовать это видение для развития. Брать на себя новые роли."
162,"Ответственность за вверенный участок, ориентация на то, что уже умеешь хорошо делать. "
163," Виденье, широта кругозора, holistic view, многоаспектное видение ситуации, исходить не только из KPI, но и из далекой цели"
163,"Ограниченность, ориентация на тактические задачи "
164," Вижу цель, не вижу препятствий"
164,"Сам себя ограничивает блокерами, фиксируется на помехах "
165, Ставит и отслеживает задачи от и до
165,Делегирует 
166, Хорошо коммуницируют One to few
166,Хорошо коммуницируют One to many 
167," Замалчивает обратную связь, с трудом дает ОС в глаза"
167,Открыто дает обратную связь 
168," Лидер-одиночка: привык полагаться на себя, на новом месте работают с новыми людьми. Не оказывают никому максимальное доверие"
168,"Командный лидер: сплачивает вокруг себя команду единомышленников, управляет ей. Движется по карьерной лестнице со своей командой.  Не видит себя вне команды "
169," Стремление узнать что-то новое извне и использовать в своей сфере, обогащение экспертизы"
169,"Максимальное изучение текущего, своих задач, углубление экспертизы "
170," Не используют инструменты нетворкинга. Не любят социальной стороны жизни. Считают себя профессионалами и так, не нуждающимися в социализации"
170,"Социальность как задача: создают и монетизируют связи через соцсети, тусовки, выступления. Важно быть в круге единомышленников и этим пользоваться "
171," Embrace of novelty: открытость к эксперименту, не боязнь инновации, "
171,"Традиционность, консерватизм "
172, Виденье: clear focus on the future despite of obstacles and clarity on actions to achieve the future status
172,Нежелание менять статус-кво 
173," Бутиковость (маленький масштаб, personal comfort in the center)"
173,"Амбиции делать что-то революционное, идти против шерсти, turn around "
174," Установка на отработку гипотезы ""Скорость решений, быстрые результаты без страха ошибки"""
174,"Установка без права на ошибку ""Лучше делать так, чтобы не ошибаться (а это требует времени)"" "
175," Открытость к оценке, калибровка себя, оценка как путь к успеху"
175,"Боязнь узнать о себе настоящем, уязвимость к оценочным инструментам "
176," Учиться самим у лучших и внедрять лучшие практики, life-long learning, networking, effective communication"
176,"Живущий внутри своей моносистемы, застрявший в одном направлении "
177, Вера в вероятностные технологии
177,"Цинизм, вызванный опытом,  обесценивание технологий, основанных на вероятностном прогнозировании и данных "
178, Сотрудничество с данными (cooperation with the big data analysis)
178,"Конкуренция с данными, противопоставление себя данным "
179," Доступность, искренняя открытость, присутствие в соцсетях как активный инструмент коммуникации (лично пишет, выступает, отвечает). "
179,"Формальность, закрытость в общении, ""встречи по записи"" "
180, Высокая learning agility
180,Низкая learning agility 
181," Видят возможные решения, которые повлияют на изменения текущих процессов, на смотря на сложности внедрения и непопулярность, принесут улучшения. "
181,"Ориентируются на выполнение процессов ""по старинке"", не замечают новых возможностей.  "
182," Умеют слышать предложения других по внедрению чего-то нового, спокойно к этому относятся, открыты к диалогу и аргументам. "
182,"Изначальное враждебное отношение к идеям, будут искать недостатки в идеях других,  эмоционально спорить и находить пути отказа от этих идей. "
183," Когда работают с данными и бенчмарками сфокусированы на информации которая challenge their views. Пытаются открыть для себя что-то новое, измениться. В информации, которая противоречит их установкам видят возможности. "
183,"В данных или бенчмарках сфокусированы на поиске подтверждения. того, что ""у нас все хорошо"" или ""мы выбрали правильную стратегию"". Анализируют через призму - ""подтвердить статус кво"". "
184," Легче идет на риск, быстрее готов инвестировать, даже если отдача не совсем предсказуема. (В цифровом бизнесе больше рисков)"
184,"Важна безопасность, стабильность, следование правилам.  "
185," Гибко реагирует на изменения среды, установки не ""диктуют"" решения."
185,"Работает по своим ""шаблонам"", установкам, трудно меняет свои установки, когда они перестают соответствовать среде. (adaptability). Не могут осознать, что установка устарела "
186, Одинаково общаются с разными уровнями сотрудников. Не обращают внимания на иерархию. Открыты к неформальному общению со всеми.
186,"Выстраивание взаимодействия в зависимости от иерархии бизнеса. Если ты ниже по иерархии, нужно официально встречу поставить. Общение очень формальное, по протоколу, сухо и официозно. "
187," Видят гораздо дальше, чем традиционный бизнес.  Видение, идеи могут выглядеть безумно и футуристично, но они потом срабатывают. Трендсеттер"
187,"Короткий горизонт видения, более традиционное, в рамках текущих трендов.  "
188," Способность не просто говорить об изменениях, но и проводить их в жизнь, понимать как эти изменения  трансформируются в корпоративную отчетность"
188,"Непонимание как цифровая трансформация может улучшить бизнес показатели, отсутствие опыта таких трансформаций, отсутствие запроса и понимания как это может повлиять на изменения бизнеса к лучшему "
189," Клиентоцентричность. Персонификация контакта с клиентами, накопление больших данных. формулирование профиля клиента, и возможность выстраиваться более качественную коммуникацию. Все это стало возможным благодаря цифровой трансформации."
189,"Ориентация на бухгалтерию и документооборот. Замыкаются внутри своей бизнесовой скорлупки, не понимают, что хочет их клиент, не анализируют клиента. Бизнесов близорукость, анализ происходит на уровне бухучета  "
190," Отсутствие шор, открытость к новому. ""Вижу цель, не вижу препятствий"", ориентация на результат, драйв. "
190,"Усталость, неверие, отсутствие успешного опыта. Если ни разу руками успех не делал, ты будешь идти в темной комнате с небольшим фонариком. Выученная беспомощность.  "
191," Системность. Укладывают в структуру, календари, процессы, распределение задач по команде, и последовательное отслеживание результата, применение правильных инструментов управления. "
191,"Управление по наитию, без четкого понимания инструментария, не зацикливаясь, кто будет исполнять, как, и какой результат это принесет "
192," Цифровая структурность: умеют от идеи перейти к четкому пониманию продукта, умеют операционализировать идеи: сколько времени уйдет на кодинг, какая архитектура, понимают, какие современные инструменты есть для воплощения идеи. "
192,"Мечтатели, генераторы идей "
193," Важно собрать и удерживать правильную команду, с необходимыми навыками, люди с духом предпринимательства, которые готовы брать на себя ответственность. Быть в постоянном контакте с ними, обучать, умение вдохновлять, ставить интересные задачи, заботиться о команде, отсеивать дурных овец. "
193,"Относится к людям как ресурсу, ""ты уйдешь, другого наймем"".  "
194," Налаживают систему, которая позволяет быть команде в том числе совете директоров все время в курсе новых цифровых технологий и формировать из этого инициативы. Лидерство, просветительство, технологическая повестка. "
194,"Функционеры. Низкая готовность внедрять новые прорывные технологии. Важно внедрять только те технологии, которые зарекомендовали себя на рынке. Стратегия избегания рисков.  "
195," Системность мышления. Взгляд на картинку целиком, строит причинно-следственные связи, работает с причиной, а не следствием."
195,"Смотрит не дальше своего носа. Слишком локальные решения. Только здесь и сейчас. Тушит только локальные пожары, не смотрит в суть проблемы, не решает ее системно.  "
196,"  Скорость принятия решения: умеет быстро думать, даже говорить, как индикатор быстроты мышления. Умеет взвесить все факторы, влияющие на ситуацию, готов взять ответственность и принять решение. "
196,"Неумение увидеть все влияющие факторы на ситуацию, взвесить эти факторы, и взять ответственность на принятие решение, и оперативное его принять.  "
197, Понимание всего цикла разработки цифрового продукта. 
197,"Разрозненные знания в понимании, как рождается и запускается продукт. Знания там, знания сям, но не системные "
198," Умение разговаривать с цифровыми людьми, понимание ментальности IT-людей и умение общаться с ними на одном языке. Понимание их мотивации (""продать"" идею человеку, чтобы он пришел, и чтобы не уходил)"
198,Отсутствие индивидуального подхода к сотрудникам с техническим мышлением 
199," Умение смотреть на рынок и примерять тенденции рынка на свой бизнес, видеть риски и возможности, и уметь имплицировать это на свой бизнес. "
199,"Зашоренность, неумение анализировать рынок и адаптироваться под него "
200," Умение выстраивать архитектуру системы, и отслеживать изменения в этом поле, живая система, один раз отстроить мало. Например, в любой момент может понадобиться переносить сервера из-за политической ситуации в стране. "
200,"Недальновидность в плане работы с данными, серверной архитектуры. Очень рискованная, например плохо рассчитана нагрузка, просто в одной стране с недружелюбным законодательством, неудачный софт.  "
201," Люди, которые под тобой – растут. Не задавливает людей, а делает так, чтобы у людей крылья вырастали, не микроменеджерит, не завязывает все процессы на себя, дает развивающие задачи. "
201,"Страх, что он бесполезный, поэтому никому ничего не дает и делает сам. Недоверие подчиненным, комплекс самозванца, стремится сделать так, чтобы в конце похвалили его "
202," Люди, которые под тобой – растут. Не задавливает людей, а делает так, чтобы у людей крылья вырастали, немикроменеджерит, не завязывает все процессы на себя, дает развивающие задачи. "
202,"Страх, что он бесполезный, поэтому никому ничего не дает и делает сам. Недоверие подчиненным, комплекс самозванца, стремится делать так, чтобы в конце похвалили его "
203," Умение грамотно формировать и отстаивать бюджет с учетом риска департамента и рынка. Умеет закладывать риски и ""хватает яиц"", чтобы отстоять большой бюджет, и не бежит растрачивать бюджет, если не все деньги пригодились. Надежный и добросовестный в распоряжении бюджетом, адекватные расходы. "
203,"Нерациональное использование бюджета, неумение отстоять нужды департамента, неумение увидеть финансовую картину компании целиком, недобросовестное использование средств компании.  "
204," Умение грамотно выстроить процесс найма в цифровой бизнес, умеют оценить людей с точки зрения технической подкованности. Понимают, что базово нужно для наема в их  компанию (например, тип мышления, архитектурное мышление). Готовность вкладываться на уровне собственников компании в оценку новых людей. Баланс между собственной включённостью в процесс и умение делегировать его другим. "
204,"Отсутствие компетенций по оценки технических людей в компании в процессе найма. Например, топорно подбирают по знанию определенного языка, не учитывая более важных базовых навыков, например знание алгоритмов, стиля мышления. "
205," Гибкий мозг, нужно много учить, высокий IQ"
205,"Гуманитарий, который не умеет учиться, и не готов осваивать техническую специфику  и концепты.  "
206," Ориентация на результат, ориентация на прибыль, на поглощения большей доли рынка. Людям интересно не что-то делать, а что-то сделать. "
206,"Ориентация на процесс, поддерживает процедуры и процессы.  "
207, Быстрая реакция на изменения продукта на рынке. Оперативно учитывать обратную связь от заказчика. Быстрое внедрение изменений.
207,Привычка к медленным процессам. Неумение работать в быстро меняющейся среде.  
208," Ведет за собой, инвестирует время, ресурсы, задает тренды, живет цифрой, является частью цифровой среды, является даже ее продуктом, стремиться создавать такой продукт, который будет инновацией и новым стандартом для рынка"
208,"Страус: игнорирует, отрицает, делает вид, что цифра не важна, и все это фигня, преувеличивает риски., боится.  "
209," Воспринимает неизбежные ошибки в цифровой среде как опыт. Он их не боится, он на них учится. "
209," Ищет причины ошибок в людях, или в других внешних факторах, стремится наказывать, главное найти крайнего, не стремится разобраться в ситуации.   "
210," Подбирает в команду лучших людей с рынка, тех которые лучше него, с высоким потенциалом и помогает им расти дальше, активно инвестирует в них. "
210,"Экономит на развитии и себя, и команды. Например, его нужно упрашивать выделить финансы на профильные конференции и обучение.  Не готов инвестировать в человеческий и интеллектуальный капитал. "
211," Пристально следят за цифровыми технологиями и разбирается в них. Технологии, как часть жизни. Сами понимают, как технологии работают."
211,"Не интересуется, говорят, что это ""не мое"", другие интересы. Нанимают ""умников"", а сами, скорее, организаторы. "
212," Не политизированы, готовы идти наперекор акционерам, революционеры, готовы на все, чтобы инновации появились"
212,"Функционеры, политизированы, не будут внедрять инновации наперекор среде.  "
213, Бережно интегрирует цифру. Учитывает стратегические интересы компании. 
213,"Интегрирует цифру криво, не видит общей картинки, действует несогласованно с культурой компании, не способен учитывать стратегические интересы компании.  "
214," Высокая культура работы с информацией и данными, культура внятного и доходчивого обоснования решений на основе данных, их эффективная коммуникация.  Аналитическое мышление/образование.  Понимает данные, понимает, что стоит за теми или иными выводами, откуда они берутся, как получаются, и как их интерпретировать."
214,"Низкая культура работы с информацией и данными. Преувеличивает риски на основе статистики. Воспринимает данные as is. Воспринимает выводы буквально, полагает на экспертов в интерпретации данных. Не уделяет внимание доходчивой коммуникации на основе данных.  "
215," Глубоко понимают материал, хороший математический аппарат. Могут не только организовать, но сами понимают, как это работает."
215,"Находится над схваткой, не уходит в детали и содержание. Важно, чтобы исполнитель доложил результат/иллюзию результата. С ним бесполезно обсуждать технические детали. "
216," Проектная и конструкторская специфика. Пробег из точки А в точку Б. Глубокое понимание в конкретику, учет множества параметров. Технический майндсет. Модель - производственник."
216,"Меньше деталей, более широкая, но менее глубокая экспертиза. Можешь менять блоки местами. Гуманитарный майндсет. Модель - дир. по экономике. "
217," Хорошо разбирается в технологиях, принимает решения, основываясь на понимании характера технических задач, текущего статуса и того, что необходимо, чтобы завершить процесс в срок. Хорошо оценивает профессионализм сотрудников, отслеживает реальное состояние вещей. Внимателен к конкретным результатам."
217,"Хорош в управлении людьми, но ничего не понимает в технологиях. Полагается на чужое мнение в принятии решений. "
218," Знает язык программирования, общается на нем без переводчика. Общается с инженерами и проектировщиками на одном языке."
218,Не может на одном языке говорить со своими подчиненными. ставит заведомо невыполнимые задачи. 
219," Открытость к изменениям. Готовность полностью менять бизнес-процессы, работать по-новому"
219,"Инертность. Стремление работать старыми способами, сопротивление изменениям.  "
220," Выделяет минимум 30% времени на изменения. Тратит это время на то, чтобы контентно вникнуть в проект, изучить технологии."
220,"Приходит раз в неделю на совещания, чтобы послушать статус. Контролирует процессно. "
221," Готовность жить в условиях неопределенности, когда не понятен образ конечного результата, короткий горизонт планирования, два ближайших спринта."
221,"Тратит много ресурсов на то, чтобы построить детальную дорожную карту (2-3 года), трудно отклоняется от этой карты.  "
222," ""Fail fast, fail often"". Готовность экспериментировать и быстро отказываться от того, что не получается, и идти дальше. Культура стартапа"
222,"Долгие разборы причин отклонения, попытки докрутить то, что явно не докручивается. Культура министерства: задумал, надо сделать "
223," Большая brain capacity. Способность быстро погрузиться в интеллектуальную проблему, и структурировать ее. "
223,Недостаточно развитое концептуальное и аналитическое мышление 
224," Прибегает, быстро разбирается, делает MVP, а дальше устает, теряет интерес, сдувается. Постоянно в поиске нового челенджа "
224,"Умение монотонно следовать рутине, поддерживать операционную деятельность на стабильно высоком уровне "
225," Смелость, готовность инвестировать в цифровые практики (в условиях когда не всегда можно спрогнозировать возврат инвестиций)."
225,"Фокус внимания в испробованном, привычном, а не в цифре. (Готов инвестировать в то, чему доверяет и с чем ценностно согласен, а цифра - что-то непонятное и не близкое) "
226," Готовность идти в  реальный научный эксперимент при разработке. Серьезное, не хайповое отношение к теме. Готовность вложиться в исследование."
226,"Попытка сделать ""муляж"", ""изобразить"" цифру. Использовать как возможность для продвижения и маркетинга. Спекуляция цифрой. "
227," Технократичность 1: рациональность, расчет."
227,"Субъективный, руководствующийся собственными предпочтениями и ценностями, пристрастный. "
228," Способен внедрить идеи. Структурированность (планирование, организация, поддержание процедур). Технократ."
228,"Большой объем генерируемых идей и инноваций и недостаточность процедур. Хаотичность. Цифровой энтузиаст, который не способен внедрить идею. "
229," Человек не в фокусе (Ориентация на задачу, а не на людей. Отсутствие сентиментальности при принятии решений. Особенности людей учитываются как факторы при принятии решений, но нет сопереживания конкретному человеку)."
229,"Высокая потребность в непосредственном общении, в теплом личном контакте.Вследствие чего - субъективность как очень высокая концентрация на потребностях других. "
230," Личный интерес к цифре, погруженность в тему, уверенность в цифровой среде обитания. Комфорт, когда находишься в цифровой среде. На ""ты"" с цифрой, гаджетами, соцсетями. Это естественная среда."
230,"Неуверенность, отсутствие навыка в использовании цифровой среды обитания. "
231, Data-based принятие решений. Организация системного накопления и анализа данных. Склонность принимать решения на основе анализа фактической информации.
231,Отсутствие внимания к накоплению и анализу данных. 
232, Анализ потребностей клиента.
232,"Миссионерство: я знаю, что будет полезно. "
233," Нетворкинг, построение отношений. Opinion leadership в профессиональной среде. Экспертный центр графа."
233,"Отсутствие экспертного авторитета в профессиональной среде, невозможность доносить до рынка новые идеи. "
234," Экспертная погруженность в цифровую сферу. Заинтересованность и компетентность в самом предмете: знать рынок, экспертов, ключевых игроков, понимать основные принципы работы технологий."
234,"Полностью доверять управление развитием цифровых продуктов и услуг менеджерам-профессионалам, не имея возможности проконтролировать их работу. "